lat,lng,code,model,captive,nest_id,battery,id,fetched
30.286394,-97.741732,,bd,false,ca3e8bd1-7afd-4073-a8eb-6d4414be14ac,100,ee27f5cc-d1b3-4071-bc0c-f0d499f49521,1562175270
30.286204,-97.741746,,bd,false,undefined,100,1b5c0c7a-d3be-4065-ad5c-050997852da2,1562175270
30.286393,-97.741785,,bd,false,ca3e8bd1-7afd-4073-a8eb-6d4414be14ac,100,a8df7a78-97e5-4155-abcc-23a26a76ae36,1562175270
30.28619,-97.741752,,bd,false,undefined,90,b1875600-f29c-4892-be81-81cb2e7fcb17,1562175270
30.286483,-97.741692,,bd,false,ca3e8bd1-7afd-4073-a8eb-6d4414be14ac,100,56b4530a-ac80-4f26-9129-2d20bfef33c3,1562175270
30.286508,-97.741792,,bd,false,ca3e8bd1-7afd-4073-a8eb-6d4414be14ac,100,dee93a7c-3fbb-4008-bba6-0a3a6c79452b,1562175270
30.286537,-97.741853,,bd,false,ca3e8bd1-7afd-4073-a8eb-6d4414be14ac,100,43cbafc0-3fcd-4b47-b13c-5bb201ab7beb,1562175270
30.285872,-97.741456,,bd,false,undefined,66,f0b90d5e-ebcf-467c-a9f7-8b0379d8ae34,1562175270
30.285873,-97.741316,,bd,false,undefined,90,f4d22101-714b-457d-b371-1f3eac01b92f,1562175270
30.286476,-97.742236,,bd,false,89080b35-90c7-4e7a-a56e-6d9bc6d0b759,100,54fcd86f-8016-436f-8601-210cf03ca625,1562175270
30.285805,-97.741425,,bd,false,undefined,73,390c58f6-c528-43f3-a4fe-eb50209f4ed3,1562175270
30.285854,-97.741284,,bd,false,undefined,83,472e2102-eaae-4418-8d8c-1fd88d3c22d6,1562175270
30.28645,-97.742268,,bd,false,89080b35-90c7-4e7a-a56e-6d9bc6d0b759,100,8e6166c5-8eee-4365-933e-914cce0f15ae,1562175270
30.28579333333333,-97.74134833333333,,esx,false,undefined,10,6f466606-8494-4202-b2bd-c85b73aefffc,1562175270
30.28646,-97.742298,,bd,false,89080b35-90c7-4e7a-a56e-6d9bc6d0b759,100,79433425-fa3c-4a5a-b58b-3ed69a7d8116,1562175270
30.286517,-97.742292,,bd,false,89080b35-90c7-4e7a-a56e-6d9bc6d0b759,100,7e9bb61a-3dd6-4d7d-bfc8-273bde6bd883,1562175270
30.286485,-97.742428,,bd,false,f6ae29f4-e42e-49c2-918c-ebc1be391092,96,55a30410-39ee-4316-8251-098035683d58,1562175270
30.286865,-97.740914,,bd,false,undefined,83,1d129605-162a-4b57-a89c-5c8c3ccd84db,1562175270
30.286261,-97.742655,,bd,false,f6ae29f4-e42e-49c2-918c-ebc1be391092,88,b4c7174a-0ac8-4363-a3ab-5b665a7430a1,1562175270
30.287184,-97.741837,,bd,false,undefined,36,ed63cc8d-4894-472d-af26-e380d63e9927,1562175270
30.286127,-97.742654,,bd,false,f6ae29f4-e42e-49c2-918c-ebc1be391092,85,2bc59477-0318-490f-b006-eac7641ea430,1562175270
30.285712,-97.740857,,bd,false,undefined,66,c1ab8ede-8eab-4cba-9bc4-a04e7fac8429,1562175270
30.287033,-97.740979,,bd,false,undefined,81,e7e72d92-7236-4444-97d4-9e39788004bf,1562175270
30.286237,-97.742761,,bd,false,f6ae29f4-e42e-49c2-918c-ebc1be391092,100,68eda97f-1ef7-441d-ab04-075d9f9807f8,1562175270
30.287075,-97.740893,,bd,false,undefined,78,bb6acbb6-28a6-46d5-b15b-1da56ed1c476,1562175270
30.285555,-97.740869,,bd,false,undefined,92,b0e3afb3-3875-4ed3-9be5-7c7ac10f8c3e,1562175270
30.286323,-97.742825,,bd,false,f6ae29f4-e42e-49c2-918c-ebc1be391092,100,2df2bbac-1022-494e-8120-afb4eab5f013,1562175270
30.286923,-97.74069,,bd,false,undefined,80,d52d9da6-fb32-4975-8fd5-87d60999f20b,1562175270
30.28556,-97.740789,,bd,false,undefined,66,a3824df1-340d-4a7c-8ca9-43d5a8f24385,1562175270
30.287452,-97.741511,,bd,false,undefined,97,11e79178-15ff-4fac-9070-653950d48bdc,1562175270
30.287498,-97.741624,,bd,false,undefined,100,ddf370a3-816a-43a9-a35d-70222e882660,1562175270
30.287513,-97.74139,,bd,false,undefined,81,79e34946-f30a-4917-b373-413b4b90b985,1562175270
30.287537,-97.741417,,bd,false,undefined,71,c8fa47b6-dc82-4aa5-924c-866174bec689,1562175270
30.287545,-97.74145500000002,,esx,false,undefined,45,16d8c02b-3e87-4817-9b3c-e717a7cce016,1562175270
30.285133,-97.742093,,bd,false,985921df-97c7-4854-bcff-8108b1c686b0,97,d0341f6f-8b77-41c4-8e43-fdc48c91a225,1562175270
30.287552,-97.74143,,bd,false,undefined,76,c05c7b20-9045-49c0-bad6-f43687e61659,1562175270
30.285119,-97.742102,,bd,false,undefined,51,301444cf-0824-4596-b1f2-4ec5722a86b0,1562175270
30.285074,-97.741309,,bd,false,undefined,96,1076d02a-0db0-40e5-a009-fafcafbc1f83,1562175270
30.287578,-97.741464,,bd,false,undefined,70,41ff0845-d487-4d3b-8749-2294c198661e,1562175270
30.28757,-97.741397,,bd,false,undefined,79,5fa80eb7-6d63-4996-a695-f362b0de202d,1562175270
30.287598,-97.741584,,bd,false,undefined,72,7c7e1c10-ddbd-4c8d-a3d7-a451a8679a16,1562175270
30.285067,-97.742039,,bd,false,985921df-97c7-4854-bcff-8108b1c686b0,96,b5fca5ef-f30b-4b05-ab45-0f738c3bf86d,1562175270
30.287609,-97.74164,,bd,false,undefined,66,e644434e-1fa9-4782-b53c-977402f14de0,1562175270
30.286698,-97.743084,,bd,false,09ee4af8-15de-4cc0-b03e-e1cab18290b3,100,98d859df-244f-46f8-aff1-1e55f3da9b3f,1562175270
30.28502,-97.741876,,bd,false,undefined,96,9f3fe265-3ff6-4d9b-9b64-eb0a5258e013,1562175270
30.285068,-97.742127,,bd,false,985921df-97c7-4854-bcff-8108b1c686b0,93,3df87ace-8b1c-4cfd-a2a9-8e6b6d4caad8,1562175270
30.285175,-97.740877,,bd,false,undefined,63,37627b74-1042-49be-b36e-e386d619139a,1562175270
30.287624,-97.741415,,bd,false,undefined,78,d79b4bff-c3db-4414-8a30-a4e84ff2870c,1562175270
30.287635,-97.74179000000001,,esx,false,undefined,62,c8a02225-91a8-4df0-933d-b273e1d0ca2e,1562175270
30.285026,-97.742106,,bd,false,985921df-97c7-4854-bcff-8108b1c686b0,90,b7747f66-ec18-4282-a55a-ab8115386625,1562175270
30.284962,-97.741664,,bd,false,undefined,49,b84000ea-7d62-4d01-82cb-e1c3083e6f88,1562175270
30.285483,-97.742887,,bd,false,b633eb01-6ea6-4bca-849c-058106c02188,21,14696262-ad16-4c2b-806c-7640a2742745,1562175270
30.28667,-97.743165,,bd,false,09ee4af8-15de-4cc0-b03e-e1cab18290b3,91,7eb2e69b-b25a-47d6-bac2-a50da05a4622,1562175270
30.286544,-97.743201,,bd,false,09ee4af8-15de-4cc0-b03e-e1cab18290b3,93,e52f3460-3908-4175-a0c2-14ed13e22717,1562175270
30.285005,-97.742125,,bd,false,985921df-97c7-4854-bcff-8108b1c686b0,93,ad4fc1b1-be3f-490f-8428-9093b68f3e47,1562175270
30.286615,-97.743205,,bd,false,09ee4af8-15de-4cc0-b03e-e1cab18290b3,100,3aaff990-3d44-4d98-b66d-d5e73aa58c8d,1562175270
30.284985,-97.74209666666665,,esx,false,985921df-97c7-4854-bcff-8108b1c686b0,78,b6b6a79d-28d4-49c8-be0c-52d2b53f4e54,1562175270
30.286759,-97.743163,,bd,false,09ee4af8-15de-4cc0-b03e-e1cab18290b3,100,63fcf638-bd70-4931-bc66-677ae6d18726,1562175270
30.287298,-97.742776,,bd,false,undefined,87,7a7e5e6e-611b-4094-82b5-69468122f35c,1562175270
30.286628,-97.743231,,bd,false,09ee4af8-15de-4cc0-b03e-e1cab18290b3,100,1c85e019-233f-47ce-9302-93968c2bd785,1562175270
30.286794,-97.743206,,bd,false,09ee4af8-15de-4cc0-b03e-e1cab18290b3,100,55747c98-0e90-4e16-aa30-f7191dd9609b,1562175270
30.284906666666664,-97.74196666666667,,esx,false,undefined,53,62437e6f-0237-4702-9ade-769daa951751,1562175270
30.286699,-97.743255,,bd,false,09ee4af8-15de-4cc0-b03e-e1cab18290b3,91,582a57ff-338c-4dd6-a52f-0f52fd123a38,1562175270
30.286677,-97.743264,,bd,false,09ee4af8-15de-4cc0-b03e-e1cab18290b3,96,495ec234-e32a-418a-9e00-fdafaf215a59,1562175270
30.284969,-97.742333,,bd,false,undefined,98,206b6788-3a86-4f9e-b884-f06d43216338,1562175270
30.287715,-97.742221,,bd,false,undefined,91,6f324191-5473-4828-9733-5fbec1c055ac,1562175270
30.28771,-97.742242,,bd,false,d083ab90-95af-4e59-9425-1dd94112505b,100,27d7f7c8-78c8-4169-b74f-3cdde101f96d,1562175270
30.287712,-97.742256,,bd,false,undefined,96,7ddaac2b-31d5-419b-8162-5c0c9d51633f,1562175270
30.287744,-97.74219,,bd,false,d083ab90-95af-4e59-9425-1dd94112505b,100,20a5be7d-407f-4086-bde3-dc5f6ff93159,1562175270
30.286608,-97.743354,,bd,false,09ee4af8-15de-4cc0-b03e-e1cab18290b3,96,46b13cd8-f06f-40ae-8691-ab3f6159ac6f,1562175270
30.285187,-97.742803,,bd,false,undefined,90,8cd0927d-2f37-4703-a04f-9a3b534684b7,1562175270
30.287746666666667,-97.74232500000001,,esx,false,d083ab90-95af-4e59-9425-1dd94112505b,55,96b90d19-db65-45e9-b887-987f8afecab7,1562175270
30.28778333333333,-97.74227166666667,,esx,false,d083ab90-95af-4e59-9425-1dd94112505b,76,340ac4e0-0b6a-43e7-ae11-b183ea6d7f24,1562175270
30.287441,-97.740371,,bd,false,undefined,58,471006e2-0b52-4f75-a852-6582fb1d8774,1562175270
30.287658,-97.74261,,bd,false,9a5ef379-2318-4bc2-8bc5-81d2a80f328c,100,4159d3c9-611d-435a-9532-813ee839aed0,1562175270
30.285273,-97.743035,,bd,false,undefined,83,c93348ae-6d88-4000-a839-bbd39d604758,1562175270
30.287809999999997,-97.74234,,esx,false,undefined,92,e32eb310-b5c4-4a4a-9d22-7589047e2734,1562175270
30.285377,-97.743169,,bd,false,b633eb01-6ea6-4bca-849c-058106c02188,100,5dd8e965-0d35-4f92-af5a-cbbf72589cd6,1562175270
30.284913,-97.740686,,bd,false,undefined,57,c7ef3348-44f3-4fb7-a731-32ad2e39b870,1562175270
30.286459,-97.743531,,bd,false,f17a4cac-513d-413d-be1c-6997b6470356,99,72145a18-ca23-4a61-94cf-34c605cf2c1e,1562175270
30.287701,-97.742694,,bd,false,9a5ef379-2318-4bc2-8bc5-81d2a80f328c,100,c4b5213d-b4ac-4707-af73-94c924ea629a,1562175270
30.286415,-97.743561,,bd,false,undefined,87,9957dc8b-581d-4d06-b257-70a9a8f3f1a7,1562175270
30.287695,-97.74272166666667,,esx,false,9a5ef379-2318-4bc2-8bc5-81d2a80f328c,81,610a8bfb-fbce-49c2-9e43-c4313b651f3d,1562175270
30.287676,-97.742757,,bd,false,9a5ef379-2318-4bc2-8bc5-81d2a80f328c,100,ac3b35da-619a-47f1-a87b-a86ee661d4ea,1562175270
30.286471,-97.743571,,bd,false,undefined,96,69e844c5-ee9e-4dd5-88e9-99bde9adf862,1562175270
30.287937,-97.742134,,bd,false,undefined,100,83b209a7-25e9-4246-a12c-0c445c638b00,1562175270
30.28753,-97.740299,,bd,false,undefined,65,be1c9983-cf42-47ad-8f02-c06a1a3bccab,1562175270
30.286396,-97.74359,,bd,false,undefined,99,eeb34041-95f1-4354-abd7-1822760dd216,1562175270
30.285069,-97.742973,,bd,false,b633eb01-6ea6-4bca-849c-058106c02188,97,7645afa1-2d27-49d3-b081-9df29712abf2,1562175270
30.287953,-97.742203,,bd,false,d083ab90-95af-4e59-9425-1dd94112505b,100,685e8ebc-fb19-48e3-879e-907057cafedd,1562175270
30.287763,-97.74271,,bd,false,undefined,65,2845c94a-721a-4c26-9013-2b67d42f0494,1562175270
30.286459,-97.743645,,bd,false,f17a4cac-513d-413d-be1c-6997b6470356,100,6c1dec7d-780c-4d6b-8f0d-2c4cacb84953,1562175270
30.286426,-97.743653,,bd,false,undefined,100,6ebf3379-b546-4f9c-a5d7-e99c9d5adb4f,1562175270
30.286592,-97.743633,,bd,false,f17a4cac-513d-413d-be1c-6997b6470356,100,bacc37dd-f1e7-49e5-8377-55d6bba5430b,1562175270
30.286611,-97.743634,,bd,false,7ca71193-3bd3-476e-b9a6-9317e60dcf8f,100,5dea1af2-a75a-4c19-86a5-24258a6ba09d,1562175270
30.286643,-97.743628,,bd,false,09ee4af8-15de-4cc0-b03e-e1cab18290b3,100,568b2488-34bb-4cb1-b57f-717f1c13f341,1562175270
30.286512,-97.743662,,bd,false,undefined,100,20a34072-ef50-4c93-8d34-0ef6a4fecbe3,1562175270
30.286484,-97.743668,,bd,false,undefined,100,79c33fb9-a45a-4038-9dfe-75fd26b0965a,1562175270
30.285035,-97.74304166666667,,es,false,b633eb01-6ea6-4bca-849c-058106c02188,71,639afafc-1431-4d0a-925c-f31c4716d459,1562175270
30.287518,-97.74014,,bd,false,undefined,92,666ad584-02f6-4434-9dd0-3152cd823aaf,1562175270
30.286625,-97.743663,,bd,false,undefined,100,e7b4d426-3da4-429a-976b-e0b607badf75,1562175270
30.284617,-97.740996,,bd,false,undefined,100,67cfc6c4-aacc-4bb3-bb52-64f9d60a3467,1562175270
30.284891,-97.740355,,bd,false,undefined,45,6785ff2f-d9cf-4d71-a292-270c23896f0c,1562175270
30.286869,-97.743639,,bd,false,f7b47c93-6a06-4470-9e14-d466b2520269,100,b46ae90d-bbc9-468a-b3c5-295ab265fc28,1562175270
30.287932,-97.742624,,bd,false,undefined,90,5cbe1a37-85fd-4639-987c-6a0ee5950ff3,1562175270
30.2872,-97.743522,,bd,false,124fa55c-3c0b-4c91-b7a4-336785c16657,100,f955be4d-a368-4962-8b39-49498f9401a1,1562175270
30.284948,-97.743089,,bd,false,undefined,93,44ced5ce-e0e5-4640-a1cb-5e9707d4e1ba,1562175270
30.286705,-97.743757,,bd,false,f17a4cac-513d-413d-be1c-6997b6470356,99,cbf0fd79-a5bd-41e8-b112-b938350bd53a,1562175270
30.287444,-97.743373,,bd,false,undefined,82,6673497b-d50f-4232-81d4-1e1e93a0f08d,1562175270
30.285171,-97.743371,,bd,false,undefined,92,68ef9f45-28c7-4e6a-9dec-f71125e8aa2e,1562175270
30.287981,-97.742675,,bd,false,undefined,71,200e3897-439c-4b0d-899b-ee61088bac43,1562175270
30.286797,-97.743759,,bd,false,f17a4cac-513d-413d-be1c-6997b6470356,100,d64cf51d-a2b9-4ae3-8369-c1351dcebb6f,1562175270
30.28784,-97.742938,,bd,false,undefined,83,2ea187da-3508-4cc0-8834-12fda0f76f51,1562175270
30.286674,-97.743822,,bd,false,f17a4cac-513d-413d-be1c-6997b6470356,99,7961e95e-223b-4c87-b815-bdef92069c65,1562175270
30.287913,-97.740331,,bd,false,undefined,58,5d271af1-8170-499e-8aad-dff5c3676457,1562175270
30.285182,-97.743501,,bd,false,b1465e6b-8662-4cc6-a614-8602a30a35e0,97,8285af20-32a1-4537-93c2-dcdded266ebe,1562175270
30.287121,-97.743742,,bd,false,124fa55c-3c0b-4c91-b7a4-336785c16657,100,0ff46832-943f-48a9-b1d6-f681a7a441ec,1562175270
30.287137,-97.743736,,bd,false,124fa55c-3c0b-4c91-b7a4-336785c16657,100,15f7787e-be39-455a-98f5-b5ac246e0e92,1562175270
30.285104,-97.743476,,bd,false,b1465e6b-8662-4cc6-a614-8602a30a35e0,99,8063efd6-9f31-441e-a553-fa3ab547a96d,1562175270
30.288312,-97.74163,,bd,false,undefined,100,01ad019d-c626-4481-b79d-ccea6bc92d82,1562175270
30.288315,-97.741511,,bd,false,undefined,46,7d32b73d-bc64-45f4-a900-0b5ff773125c,1562175270
30.285082,-97.739798,,bd,false,undefined,90,006c0cec-e6fe-4c39-a117-c22d32487eea,1562175270
30.287237,-97.743728,,bd,false,124fa55c-3c0b-4c91-b7a4-336785c16657,98,6f698355-a900-4e7a-a2f7-2d4bf4c96143,1562175270
30.285067,-97.743498,,bd,false,b1465e6b-8662-4cc6-a614-8602a30a35e0,100,8ac51d7c-7ffe-45b5-b328-ea8b41611757,1562175270
30.285022,-97.743459,,bd,false,b1465e6b-8662-4cc6-a614-8602a30a35e0,99,50ec389a-f251-4524-8055-b8dc4cb7dc9b,1562175270
30.287625,-97.743456,,bd,false,124fa55c-3c0b-4c91-b7a4-336785c16657,100,b124030d-f073-4256-8677-abca66cdbd1c,1562175270
30.285018,-97.739813,,bd,false,undefined,90,3552d096-f47f-4f8d-9bbb-1927cb933570,1562175270
30.288361,-97.741615,,bd,false,undefined,100,c27b1ba3-73a7-4913-b100-afe190601798,1562175270
30.288343,-97.742291,,bd,false,undefined,83,2d986851-a29f-49e4-8dbc-12f6dccf4378,1562175270
30.28492,-97.74353,,bd,false,b1465e6b-8662-4cc6-a614-8602a30a35e0,100,e22e09d5-cc91-4ac7-a088-1a45280bbbaa,1562175270
30.287495,-97.739539,,bd,false,undefined,82,7eff9096-84de-4456-bb6e-38ecff0e1ef3,1562175270
30.288042,-97.743183,,bd,false,undefined,60,77e66430-1e7b-48e1-8f22-d58084f3beca,1562175270
30.287951,-97.743358,,bd,false,undefined,100,4fd545e0-622a-489f-8191-e35b8759bf32,1562175270
30.284931,-97.743657,,bd,false,undefined,85,250e10d3-1285-4e56-84b0-924f557db02f,1562175270
30.284378,-97.743007,,bd,false,faf57001-3660-4e7f-b797-25a7bce64bdb,100,36819084-3b70-41c8-aaf4-8b7df6fef886,1562175270
30.288266666666665,-97.74299666666666,,esx,false,undefined,66,35129a4c-e6b1-42ba-ae08-a4821dab390c,1562175270
30.286799,-97.74423,,bd,false,f17a4cac-513d-413d-be1c-6997b6470356,100,13e0296f-05a0-47f0-a5b9-ddfa8975f45e,1562175270
30.2848,-97.743635,,bd,false,b1465e6b-8662-4cc6-a614-8602a30a35e0,97,4b1e9bdc-c988-40b9-abb8-563c94f455e5,1562175270
30.284417,-97.743133,,bd,false,undefined,91,dd306949-3ee7-4d66-9994-3f6f60bac324,1562175270
30.287822,-97.743682,,bd,false,991a5c00-e7ba-4d5d-80d3-bdd9b5625307,90,4d7c4de6-ff68-4af9-a9c3-ac420d6fca6a,1562175270
30.288258,-97.743137,,bd,false,undefined,100,ade0989b-1104-4a2d-b68a-1678f5c6b9b3,1562175270
30.284275,-97.742957,,bd,false,faf57001-3660-4e7f-b797-25a7bce64bdb,100,4db1dbac-fad4-415d-976c-7f90ddffe721,1562175270
30.287725,-97.743822,,bd,false,undefined,79,1afc3ae1-e93a-495a-b1b9-ff5ac3fe3df9,1562175270
30.28867,-97.741529,,bd,false,undefined,100,8126f679-990a-46ed-afd7-fb2bcfc0d291,1562175270
30.288672,-97.74162,,bd,false,undefined,89,f00a3c26-5c0d-4e95-b2ca-e4faf5ed7f06,1562175270
30.287424,-97.744054,,bd,false,undefined,100,6d20f257-7e0a-41f7-94ec-70bf477e6833,1562175270
30.287802,-97.743776,,bd,false,undefined,96,b1215563-01d0-46be-947b-8073c4ba6d69,1562175270
30.285017,-97.74394,,bd,false,undefined,97,fc0a2b65-53f6-41cd-b583-37e2453f193b,1562175270
30.287807,-97.743776,,bd,false,991a5c00-e7ba-4d5d-80d3-bdd9b5625307,100,f1f0853e-6166-4c7b-99e4-aa634ae169d0,1562175270
30.286954,-97.738994,,bd,false,undefined,69,c2baa58f-4d1a-4c06-be95-90ecfbc243f4,1562175270
30.287713,-97.743882,,bd,false,738996c9-838c-46ee-a48a-a45c381c3d70,100,47f7c539-0dda-4a2e-a295-1dc0e0b5e2a6,1562175270
30.287932,-97.743691,,bd,false,undefined,73,340dcd07-d53e-4f93-9822-6381b8bec6af,1562175270
30.284231,-97.743037,,bd,false,undefined,92,e4dd0f98-f628-47ef-ab0d-7131fba1e03e,1562175270
30.288304,-97.743223,,bd,false,undefined,100,3e0e96fc-73af-4989-a84b-9e7173aca38d,1562175270
30.283891,-97.741658,,bd,false,undefined,89,8dd1e5e1-5a73-4ca1-80b4-4bcd43f70747,1562175270
30.288362,-97.743146,,bd,false,undefined,97,3da74f30-ce04-4caf-b07f-e46fa67b6b5d,1562175270
30.287907,-97.743785,,bd,false,undefined,100,75cede65-ebd1-45e0-b15e-3704c175780a,1562175270
30.287776,-97.743909,,bd,false,991a5c00-e7ba-4d5d-80d3-bdd9b5625307,100,c9352694-22ae-440c-a184-c31cc74d895e,1562175270
30.286467,-97.744467,,bd,false,0c762078-b7ec-4572-af6b-fcb9d83f2395,96,fd5e8366-c9cb-49f0-b91c-4193b316f231,1562175270
30.287331,-97.744217,,bd,false,735e6a35-2686-43e0-a90a-136318e28567,100,1a940177-70e9-49cd-bd97-b28e6ba152be,1562175270
30.287926,-97.743787,,bd,false,undefined,96,22507bb3-32e4-4b9b-90f9-d4f5de88121e,1562175270
30.287744,-97.743954,,bd,false,991a5c00-e7ba-4d5d-80d3-bdd9b5625307,96,6dbc216d-7436-4f57-a78a-296daae0872b,1562175270
30.284163,-97.743042,,bd,false,faf57001-3660-4e7f-b797-25a7bce64bdb,100,13aa53c4-f4fc-4108-bebb-ac13e92e99b2,1562175270
30.288084,-97.743646,,bd,false,undefined,100,47d0ae35-58ae-4f4e-bc56-1282df713c72,1562175270
30.287859,-97.743896,,bd,false,991a5c00-e7ba-4d5d-80d3-bdd9b5625307,100,434f3ae4-3fb1-43e4-84dc-1297ac7fedcf,1562175270
30.288799,-97.741693,,bd,false,undefined,82,e4db501c-c468-4fb1-96ba-0d851162a07c,1562175270
30.288451,-97.743117,,bd,false,undefined,98,9e7c50b6-09b7-4d5a-87b8-d1e01f5eb31b,1562175270
30.287817,-97.743942,,bd,false,991a5c00-e7ba-4d5d-80d3-bdd9b5625307,100,6137f63c-3ac9-49b8-b5c4-155c9bf16b71,1562175270
30.287911,-97.743857,,bd,false,991a5c00-e7ba-4d5d-80d3-bdd9b5625307,100,52e33c08-057e-4f96-b449-d923ab015642,1562175270
30.286522,-97.744528,,bd,false,undefined,73,6d08c249-4576-46f2-8483-609b513282a4,1562175270
30.28656,-97.744533,,bd,false,0c762078-b7ec-4572-af6b-fcb9d83f2395,100,6f9716ed-3fc7-4ed6-9a17-275bcaa6a292,1562175270
30.287939,-97.743856,,bd,false,738996c9-838c-46ee-a48a-a45c381c3d70,100,b3e085f2-e050-4ba1-bf4a-5ab19cad3a14,1562175270
30.287966,-97.743836,,bd,false,738996c9-838c-46ee-a48a-a45c381c3d70,99,f92d4fc3-4e06-491b-976d-889771d0838a,1562175270
30.286481,-97.744551,,bd,false,undefined,96,53e12edb-1a8b-4b94-8e20-1b7bdd752675,1562175270
30.287924,-97.743886,,bd,false,738996c9-838c-46ee-a48a-a45c381c3d70,99,bf31a9dd-1fcf-4530-aa46-2474a350615b,1562175270
30.284102,-97.743044,,bd,false,faf57001-3660-4e7f-b797-25a7bce64bdb,100,8daa7d18-c442-4457-9cb8-8609373553e5,1562175270
30.287982,-97.743838,,bd,false,undefined,92,b5f0fe54-6490-4d3c-89c1-33ace213d0e1,1562175270
30.286595,-97.744549,,bd,false,0c762078-b7ec-4572-af6b-fcb9d83f2395,100,e6906923-bfb7-499e-8bf4-ed135100cbac,1562175270
30.287887,-97.743932,,bd,false,991a5c00-e7ba-4d5d-80d3-bdd9b5625307,100,d3b4312a-65f6-4f4f-9430-8139abcf106b,1562175270
30.286842,-97.744505,,bd,false,undefined,56,a1d8fe1d-7465-43d3-a5ed-f259dc7f9211,1562175270
30.288793333333334,-97.74222499999999,,esx,false,undefined,100,d12c5b6d-76c8-4432-8a25-844a3510a1d4,1562175270
30.288471,-97.743178,,bd,false,undefined,91,aa05909f-42f5-4b95-a19e-d9da25a98ee8,1562175270
30.288544,-97.743033,,bd,false,undefined,100,d547e3b3-ed72-4ca8-9e18-0910ded16956,1562175270
30.284658,-97.743874,,bd,false,undefined,100,e0af5bef-f94b-4ccf-a016-24a8056cc94c,1562175270
30.28785,-97.743987,,bd,false,991a5c00-e7ba-4d5d-80d3-bdd9b5625307,96,fefe7347-615d-45f5-86df-28f72dc4e0f6,1562175270
30.287977,-97.743878,,bd,false,undefined,100,bf13f01e-e5cb-4282-b12a-f01b10a4916f,1562175270
30.287883,-97.743969,,bd,false,991a5c00-e7ba-4d5d-80d3-bdd9b5625307,37,ab70b9b5-990f-4b4d-8806-aae5ef97f95f,1562175270
30.287854,-97.744006,,bd,false,738996c9-838c-46ee-a48a-a45c381c3d70,93,b9f470fa-0926-44a4-ab93-657a31392875,1562175270
30.287135,-97.744454,,bd,false,undefined,89,f8855315-4ba5-47ef-8702-00742c7c5186,1562175270
30.287374,-97.738927,,bd,false,undefined,57,2037b277-f668-4178-9efe-b2edfc93bec0,1562175270
30.287526,-97.738998,,bd,false,5f9ee51e-30c8-4df6-ba24-d02ecbd9504e,100,429717c8-d323-4984-8353-316ca5dc5f65,1562175270
30.286617,-97.744623,,bd,false,0c762078-b7ec-4572-af6b-fcb9d83f2395,100,24284d2a-f5aa-466c-8362-436d4475c79a,1562175270
30.288898333333336,-97.74211166666667,,esx,false,undefined,100,aab71c5f-d78f-4d58-acf4-f056ab4fd1f3,1562175270
30.283707,-97.741895,,bd,false,undefined,42,836923a4-95a4-4eb3-94de-850ea728d970,1562175270
30.287359,-97.744429,,bd,false,undefined,100,287c7089-395e-438c-b8c7-978e010cf316,1562175270
30.286610000000003,-97.744675,,esx,false,undefined,29,4226ad13-7d64-4f4c-a5d4-56cd055c976b,1562175270
30.283701,-97.742065,,bd,false,undefined,40,8f6ecc6b-2f23-4135-a2dd-270ae311c27e,1562175270
30.286351666666665,-97.74469833333333,,esx,false,undefined,38,f11cb041-c351-4d90-a470-295d7daa6132,1562175270
30.287388,-97.738848,,bd,false,undefined,28,7e491095-5a87-47f6-8ad6-130aa109da46,1562175270
30.286718,-97.744667,,bd,false,undefined,58,e08103b2-d2c9-4f24-b61b-b2053aba7480,1562175270
30.288912,-97.742219,,bd,false,undefined,100,30982e34-6278-46ab-b6cf-3dd6f53058b7,1562175270
30.2885,-97.74337,,bd,false,undefined,98,d9679658-42b7-413c-9f07-f0c0bb75cce8,1562175270
30.288948,-97.742024,,bd,false,undefined,91,122d12de-5d43-4827-8cbe-32c125dac080,1562175270
30.287339,-97.744479,,bd,false,735e6a35-2686-43e0-a90a-136318e28567,100,98ef7989-e75a-4976-acad-8eafec7e58bb,1562175270
30.288942,-97.742128,,bd,false,undefined,100,6d5ecb10-716f-40c4-8473-524c7c6b4c3d,1562175270
30.286611,-97.744709,,bd,false,0c762078-b7ec-4572-af6b-fcb9d83f2395,100,1ba6b496-103d-455b-85c8-f0f6c7c5f48e,1562175270
30.286636,-97.744706,,bd,false,undefined,90,991b021f-0878-4ae4-b553-5b101a3e7bf1,1562175270
30.288963,-97.742014,,bd,false,undefined,100,7ff811e9-7a39-43ab-993e-3fb8657f406e,1562175270
30.288939,-97.742202,,bd,false,undefined,97,0de2d50c-45e2-4594-ac2a-8796a7890e76,1562175270
30.286657,-97.744708,,bd,false,undefined,26,f843eb77-8a3a-4a8d-8181-52fb0a5b5d58,1562175270
30.283954,-97.743098,,bd,false,undefined,90,a6b61faf-ef6e-4d98-8fe7-263dc4769141,1562175270
30.286623,-97.744719,,bd,false,undefined,85,454d624f-fb80-4534-9200-09f12527bae7,1562175270
30.288978,-97.741939,,bd,false,284efadf-6025-430f-b6f6-50d58dada8c5,97,6beb7801-0380-45ec-982d-30e1dc3043af,1562175270
30.286595,-97.744731,,bd,false,undefined,70,d9896296-f3f2-452d-95e7-9531f7997ce5,1562175270
30.286495,-97.744742,,bd,false,0c762078-b7ec-4572-af6b-fcb9d83f2395,100,00b990a5-e666-4cda-ad46-83a276286958,1562175270
30.28440666666667,-97.74382833333333,,esx,false,undefined,78,ce30f7c3-209d-4fc1-862f-41892600846c,1562175270
30.288977,-97.742113,,bd,false,undefined,75,26e0f787-35e2-4ed3-8ca3-20530f40cf3f,1562175270
30.288972,-97.742165,,bd,false,bf91260b-e73e-4c2f-8ee4-0270d425b019,100,0ffcb681-edbc-44e7-9448-8e12dab7deac,1562175270
30.286643,-97.744751,,bd,false,0c762078-b7ec-4572-af6b-fcb9d83f2395,100,cd05235c-f9df-4ccf-a00d-6ab2e3b159a7,1562175270
30.28901,-97.741923,,bd,false,undefined,100,6b7c830b-30c3-4028-a2b0-63881e3ce65f,1562175270
30.288979,-97.742257,,bd,false,undefined,97,6898e0d7-c93d-4246-b428-febb58d02cd8,1562175270
30.287151,-97.744637,,bd,false,undefined,100,a486197e-caec-4d6d-9d18-9e9186ee5840,1562175270
30.288998333333332,-97.74215000000001,,esx,false,bf91260b-e73e-4c2f-8ee4-0270d425b019,78,09123c4d-03e7-4414-945c-f4912ae19a74,1562175270
30.283669,-97.740904,,bd,false,undefined,89,85044370-0570-494d-be46-c9b75a6f8453,1562175270
30.287235,-97.744607,,bd,false,undefined,88,0b49b67c-7845-49fa-85fb-575df4e67619,1562175270
30.288991,-97.742209,,bd,false,undefined,100,3e10db04-c33b-4fd0-867e-895f36e55d0a,1562175270
30.288052,-97.744068,,bd,false,991a5c00-e7ba-4d5d-80d3-bdd9b5625307,97,1eebbdcc-34a9-479e-ac11-7e3d8009d547,1562175270
30.286139,-97.744794,,bd,false,cfb30237-ce25-4ce7-a593-0e20805d26b2,100,15fe0d53-c871-439c-98fd-b6971c23c92c,1562175270
30.288999,-97.742227,,bd,false,bf91260b-e73e-4c2f-8ee4-0270d425b019,100,edc7a004-6556-4e32-9609-f84769b08f04,1562175270
30.287482,-97.738779,,bd,false,undefined,93,25b456cc-3055-44cc-85f4-958d9d7ec664,1562175270
30.289024,-97.742159,,bd,false,undefined,100,d03a018e-1f57-4d55-a60e-3ffb22d84a46,1562175270
30.287509,-97.738767,,bd,false,undefined,100,af0308a4-fe8b-4e74-afd8-7828425cb028,1562175270
30.28880333333333,-97.74301166666667,,esx,false,undefined,70,bba6aea5-780d-4b05-8526-fe4b9896244f,1562175270
